<?xml version="1.0" encoding="Windows-1252"?>
<VisualStudioProject
	ProjectType="Visual C++"
	Version="7.10"
	Name="TestCppConsole"
	ProjectGUID="{E8964ACF-C7B8-4E32-BBA8-2E95B3996554}"
	RootNamespace="TestCppConsole"
	Keyword="ManagedCProj">
	<Platforms>
		<Platform
			Name="Win32"/>
	</Platforms>
	<Configurations>
		<Configuration
			Name="Debug|Win32"
			OutputDirectory="$(SolutionDir)$(ConfigurationName)"
			IntermediateDirectory="$(ConfigurationName)"
			ConfigurationType="1"
			CharacterSet="2"
			ManagedExtensions="TRUE">
			<Tool
				Name="VCCLCompilerTool"
				Optimization="0"
				PreprocessorDefinitions="WIN32;_DEBUG"
				MinimalRebuild="FALSE"
				BasicRuntimeChecks="0"
				RuntimeLibrary="1"
				UsePrecompiledHeader="0"
				WarningLevel="3"
				DebugInformationFormat="3"/>
			<Tool
				Name="VCCustomBuildTool"/>
			<Tool
				Name="VCLinkerTool"
				OutputFile="$(OutDir)\$(ProjectName).exe"
				LinkIncremental="2"
				GenerateDebugInformation="TRUE"
				AssemblyDebug="1"/>
			<Tool
				Name="VCMIDLTool"/>
			<Tool
				Name="VCPostBuildEventTool"/>
			<Tool
				Name="VCPreBuildEventTool"/>
			<Tool
				Name="VCPreLinkEventTool"/>
			<Tool
				Name="VCResourceCompilerTool"/>
			<Tool
				Name="VCWebServiceProxyGeneratorTool"/>
			<Tool
				Name="VCXMLDataGeneratorTool"/>
			<Tool
				Name="VCWebDeploymentTool"/>
			<Tool
				Name="VCManagedWrapperGeneratorTool"/>
			<Tool
				Name="VCAuxiliaryManagedWrapperGeneratorTool"/>
		</Configuration>
		<Configuration
			Name="Release|Win32"
			OutputDirectory="$(SolutionDir)$(ConfigurationName)"
			IntermediateDirectory="$(ConfigurationName)"
			ConfigurationType="1"
			CharacterSet="2"
			ManagedExtensions="TRUE">
			<Tool
				Name="VCCLCompilerTool"
				PreprocessorDefinitions="WIN32;NDEBUG"
				MinimalRebuild="FALSE"
				RuntimeLibrary="0"
				UsePrecompiledHeader="0"
				WarningLevel="3"
				DebugInformationFormat="3"/>
			<Tool
				Name="VCCustomBuildTool"/>
			<Tool
				Name="VCLinkerTool"
				OutputFile="$(OutDir)\$(ProjectName).exe"
				LinkIncremental="1"
				GenerateDebugInformation="TRUE"/>
			<Tool
				Name="VCMIDLTool"/>
			<Tool
				Name="VCPostBuildEventTool"/>
			<Tool
				Name="VCPreBuildEventTool"/>
			<Tool
				Name="VCPreLinkEventTool"/>
			<Tool
				Name="VCResourceCompilerTool"/>
			<Tool
				Name="VCWebServiceProxyGeneratorTool"/>
			<Tool
				Name="VCXMLDataGeneratorTool"/>
			<Tool
				Name="VCWebDeploymentTool"/>
			<Tool
				Name="VCManagedWrapperGeneratorTool"/>
			<Tool
				Name="VCAuxiliaryManagedWrapperGeneratorTool"/>
		</Configuration>
	</Configurations>
	<References>
		<AssemblyReference
			RelativePath="mscorlib.dll"/>
		<AssemblyReference
			RelativePath="System.dll"/>
		<AssemblyReference
			RelativePath="System.Data.dll"/>
	</References>
	<Files>
		<Filter
			Name="Source Files"
			Filter="cpp;c;cxx;def;odl;idl;hpj;bat;asm;asmx"
			UniqueIdentifier="{4FC737F1-C7A5-4376-A066-2A32D752A2FF}">
		</Filter>
		<Filter
			Name="Header Files"
			Filter="h;hpp;hxx;hm;inl;inc;xsd"
			UniqueIdentifier="{93995380-89BD-4b04-88EB-625FBE52EBFB}">
		</Filter>
		<Filter
			Name="Resource Files"
			Filter="rc;ico;cur;bmp;dlg;rc2;rct;bin;rgs;gif;jpg;jpeg;jpe;resx"
			UniqueIdentifier="{67DA6AB6-F800-4c08-8B7A-83BB121AAD01}">
		</Filter>
	</Files>
	<Globals>
	</Globals>
</VisualStudioProject>
