﻿<VisualStudioProject>
    <CSHARP
        ProjectType = "Local"
        ProductVersion = "7.10.3077"
        SchemaVersion = "2.0"
        ProjectGuid = "{FC18E21B-CA53-4AFE-80DA-78DCC7DDDA0F}"
    >
        <Build>
            <Settings
                ApplicationIcon = ""
                AssemblyKeyContainerName = ""
                AssemblyName = "VSDisassembler"
                AssemblyOriginatorKeyFile = ""
                DefaultClientScript = "JScript"
                DefaultHTMLPageLayout = "Grid"
                DefaultTargetSchema = "IE50"
                DelaySign = "false"
                OutputType = "Library"
                PreBuildEvent = ""
                PostBuildEvent = ""
                RootNamespace = "VSDisassembler"
                RunPostBuildEvent = "OnBuildSuccess"
                StartupObject = ""
            >
                <Config
                    Name = "Debug"
                    AllowUnsafeBlocks = "false"
                    BaseAddress = "285212672"
                    CheckForOverflowUnderflow = "false"
                    ConfigurationOverrideFile = ""
                    DefineConstants = "DEBUG;TRACE"
                    DocumentationFile = ""
                    DebugSymbols = "true"
                    FileAlignment = "4096"
                    IncrementalBuild = "false"
                    NoStdLib = "false"
                    NoWarn = ""
                    Optimize = "false"
                    OutputPath = "bin\Debug\"
                    RegisterForComInterop = "false"
                    RemoveIntegerChecks = "false"
                    TreatWarningsAsErrors = "false"
                    WarningLevel = "4"
                />
                <Config
                    Name = "Release"
                    AllowUnsafeBlocks = "false"
                    BaseAddress = "285212672"
                    CheckForOverflowUnderflow = "false"
                    ConfigurationOverrideFile = ""
                    DefineConstants = "TRACE"
                    DocumentationFile = ""
                    DebugSymbols = "false"
                    FileAlignment = "4096"
                    IncrementalBuild = "false"
                    NoStdLib = "false"
                    NoWarn = ""
                    Optimize = "true"
                    OutputPath = "bin\Release\"
                    RegisterForComInterop = "false"
                    RemoveIntegerChecks = "false"
                    TreatWarningsAsErrors = "false"
                    WarningLevel = "4"
                />
            </Settings>
            <References>
                <Reference
                    Name = "System"
                    AssemblyName = "System"
                    HintPath = "..\..\WINDOWS\Microsoft.NET\Framework\v1.1.4322\System.dll"
                />
                <Reference
                    Name = "System.Data"
                    AssemblyName = "System.Data"
                    HintPath = "..\..\WINDOWS\Microsoft.NET\Framework\v1.1.4322\System.Data.dll"
                />
                <Reference
                    Name = "System.XML"
                    AssemblyName = "System.Xml"
                    HintPath = "..\..\WINDOWS\Microsoft.NET\Framework\v1.1.4322\System.XML.dll"
                />
                <Reference
                    Name = "System.Drawing"
                    AssemblyName = "System.Drawing"
                    HintPath = "..\..\WINDOWS\Microsoft.NET\Framework\v1.1.4322\System.Drawing.dll"
                />
                <Reference
                    Name = "System.Windows.Forms"
                    AssemblyName = "System.Windows.Forms"
                    HintPath = "..\..\WINDOWS\Microsoft.NET\Framework\v1.1.4322\System.Windows.Forms.dll"
                />
            </References>
        </Build>
        <Files>
            <Include>
                <File
                    RelPath = "AssemblyInfo.cs"
                    SubType = "Code"
                    BuildAction = "Compile"
                />
                <File
                    RelPath = "LanguageConfiguration.cs"
                    SubType = "Code"
                    BuildAction = "Compile"
                />
                <File
                    RelPath = "VSDisassemblerControl.cs"
                    SubType = "UserControl"
                    BuildAction = "Compile"
                />
                <File
                    RelPath = "VSDisassemblerControl.resx"
                    DependentUpon = "VSDisassemblerControl.cs"
                    BuildAction = "EmbeddedResource"
                />
                <File
                    RelPath = "VSDisassemblerPackage.cs"
                    SubType = "Code"
                    BuildAction = "Compile"
                />
            </Include>
        </Files>
    </CSHARP>
</VisualStudioProject>

