﻿<VisualStudioProject>
    <VisualBasic
        ProjectType = "Local"
        ProductVersion = "7.10.3077"
        SchemaVersion = "2.0"
        ProjectGuid = "{DC63FEAF-A813-4936-A27A-CAD098B944DE}"
    >
        <Build>
            <Settings
                ApplicationIcon = ""
                AssemblyKeyContainerName = ""
                AssemblyName = "WindowsApplication1"
                AssemblyOriginatorKeyFile = ""
                AssemblyOriginatorKeyMode = "None"
                DefaultClientScript = "JScript"
                DefaultHTMLPageLayout = "Grid"
                DefaultTargetSchema = "IE50"
                DelaySign = "false"
                OutputType = "WinExe"
                OptionCompare = "Binary"
                OptionExplicit = "On"
                OptionStrict = "Off"
                RootNamespace = "WindowsApplication1"
                StartupObject = "WindowsApplication1.Form1"
            >
                <Config
                    Name = "Debug"
                    BaseAddress = "285212672"
                    ConfigurationOverrideFile = ""
                    DefineConstants = ""
                    DefineDebug = "true"
                    DefineTrace = "true"
                    DebugSymbols = "true"
                    IncrementalBuild = "true"
                    Optimize = "false"
                    OutputPath = "bin\"
                    RegisterForComInterop = "false"
                    RemoveIntegerChecks = "false"
                    TreatWarningsAsErrors = "false"
                    WarningLevel = "1"
                />
                <Config
                    Name = "Release"
                    BaseAddress = "285212672"
                    ConfigurationOverrideFile = ""
                    DefineConstants = ""
                    DefineDebug = "false"
                    DefineTrace = "true"
                    DebugSymbols = "false"
                    IncrementalBuild = "false"
                    Optimize = "true"
                    OutputPath = "bin\"
                    RegisterForComInterop = "false"
                    RemoveIntegerChecks = "false"
                    TreatWarningsAsErrors = "false"
                    WarningLevel = "1"
                />
            </Settings>
            <References>
                <Reference
                    Name = "System"
                    AssemblyName = "System"
                />
                <Reference
                    Name = "System.Data"
                    AssemblyName = "System.Data"
                />
                <Reference
                    Name = "System.Drawing"
                    AssemblyName = "System.Drawing"
                />
                <Reference
                    Name = "System.Windows.Forms"
                    AssemblyName = "System.Windows.Forms"
                />
                <Reference
                    Name = "System.XML"
                    AssemblyName = "System.Xml"
                />
            </References>
            <Imports>
                <Import Namespace = "Microsoft.VisualBasic" />
                <Import Namespace = "System" />
                <Import Namespace = "System.Collections" />
                <Import Namespace = "System.Data" />
                <Import Namespace = "System.Drawing" />
                <Import Namespace = "System.Diagnostics" />
                <Import Namespace = "System.Windows.Forms" />
            </Imports>
        </Build>
        <Files>
            <Include>
                <File
                    RelPath = "AssemblyInfo.vb"
                    SubType = "Code"
                    BuildAction = "Compile"
                />
                <File
                    RelPath = "Form1.vb"
                    SubType = "Form"
                    BuildAction = "Compile"
                />
                <File
                    RelPath = "Form1.resx"
                    DependentUpon = "Form1.vb"
                    BuildAction = "EmbeddedResource"
                />
                <File
                    RelPath = "test123.vb"
                    SubType = "Code"
                    BuildAction = "Compile"
                />
            </Include>
        </Files>
    </VisualBasic>
</VisualStudioProject>

